feature,gain,splits,gain_pct,base
P_2_last,277751.8557815552,245,10.997541858113129,P_2
P_2_mean,224457.53621435165,196,8.887361500935114,P_2
D_44_last,160076.52406692505,171,6.338205262296465,D_44
P_2_max,97774.5918841362,167,3.8713698739474736,P_2
B_9_last,78438.01288127899,121,3.1057410129692005,B_9
D_48_last,69817.53234386444,153,2.76441441667878,D_48
B_18_last,61908.33928203583,75,2.4512511381955315,B_18
B_2_last,59953.55369567871,143,2.3738517046288083,B_2
B_3_last,47903.95813989639,250,1.8967498284769153,B_3
B_11_last,42757.58669757843,166,1.6929800455711181,B_11
D_48_mean,32291.10704612732,137,1.2785613992940954,D_48
B_1_last,31562.37316417694,171,1.2497072937198106,B_1
R_1_last,28086.38230895996,137,1.1120759723336735,R_1
R_1_mean,25829.028638362885,115,1.0226964021734612,R_1
R_1_max,25165.771035194397,110,0.99643481975115,R_1
D_42_mean,23879.77994441986,218,0.9455162010072434,D_42
B_37_last,22765.353835105896,130,0.9013906712228683,B_37
R_2_last,20899.700493335724,111,0.8275204151228238,R_2
D_44_max,19708.556467056274,137,0.7803572512577651,D_44
S_3_mean,18750.70626449585,279,0.7424313203334902,S_3
B_3_diff,15894.438594818115,165,0.6293378428232597,B_3
D_42_last,15288.418695926666,154,0.6053425784670429,D_42
B_7_last,14693.06672668457,123,0.5817697091386759,B_7
B_4_diff,14635.179230213165,212,0.5794776626509421,B_4
D_39_diff,14401.067842006683,210,0.5702080583704701,D_39
P_2_diff,13298.353009223938,179,0.5265462347726895,P_2
S_3_last,12729.843630313873,234,0.5040361936653115,S_3
D_41_diff,12219.879610061646,164,0.4838442469973967,D_41
R_2_mean,11509.609749794006,64,0.45572122151168093,R_2
D_39_last,11158.149493217468,216,0.44180520690113034,D_39
D_42_max,10946.240027427673,156,0.43341468431183566,D_42
D_41_last,10209.473217487335,133,0.40424251619368684,D_41
D_45_max,9885.814534187317,83,0.39142730058579134,D_45
D_44_diff,9459.238515377045,184,0.374537088963865,D_44
B_23_last,9202.31053352356,98,0.364364065179727,B_23
R_3_mean,8924.82806444168,150,0.3533771896464072,R_3
D_39_max,8902.498852729797,216,0.3524930679552339,D_39
B_33_last,8786.46910905838,82,0.3478988881639884,B_33
D_43_last,8611.673241615295,278,0.34097787277267316,D_43
P_3_last,8473.430027008057,177,0.33550415402841777,P_3
B_9_max,8470.715267658234,81,0.33539666355099007,B_9
D_62_mean,8028.10923910141,85,0.3178717461674133,D_62
R_10_max,7627.29326581955,54,0.3020014995720696,R_10
B_1_mean,7474.077596664429,61,0.2959349488010193,B_1
R_3_last,7246.080852031708,206,0.2869074528890428,R_3
D_43_mean,6924.810130119324,207,0.274186788243704,D_43
B_4_last,6921.197732448578,203,0.27404375591551167,B_4
B_4_max,6800.5173506736755,274,0.26926543482639403,B_4
D_48_diff,6651.892394542694,225,0.2633806526289487,D_48
S_3_max,6611.980450630188,153,0.26180034537022184,S_3
S_23_last,6609.438067436218,136,0.2616996801000786,S_23
B_5_last,6467.670808792114,223,0.2560864273761268,B_5
B_22_last,6231.9834089279175,111,0.2467544211573281,B_22
D_44_mean,6076.598766326904,102,0.24060199021747306,D_44
D_45_mean,5794.957101821899,120,0.22945043198335474,D_45
D_50_mean,5624.391404628754,152,0.22269690953015053,D_50
P_3_mean,5585.6293478012085,162,0.22116213187306533,P_3
B_11_mean,5549.487114429474,84,0.2197310857213379,B_11
R_2_max,5516.366836547852,61,0.21841969343079656,R_2
B_2_mean,5478.752830505371,125,0.21693037266734203,B_2
B_25_last,5173.775099277496,73,0.2048548264733005,B_25
S_7_last,5153.343829154968,195,0.20404585348640664,S_7
R_3_max,5135.211994171143,151,0.20332792627890725,R_3
R_27_last,5091.8819398880005,125,0.2016122794676473,R_27
S_23_max,5086.608879566193,117,0.20140349345811276,S_23
D_75_last,5068.988008022308,81,0.20070579776914962,D_75
B_8_mean,4922.546417713165,97,0.19490746560441308,B_8
D_46_last,4827.216125488281,202,0.19113287739819113,D_46
D_61_mean,4775.976115226746,121,0.18910403710088428,D_61
D_112_last,4683.215579509735,89,0.1854311980069445,D_112
D_65_last,4683.088276386261,129,0.18542615745942,D_65
D_50_last,4586.207847118378,142,0.18159019181624728,D_50
D_45_last,4312.19727897644,104,0.17074078566474954,D_45
S_8_mean,4040.1828446388245,140,0.15997041612312665,S_8
B_23_mean,3949.235025405884,58,0.15636935125857718,B_23
D_56_max,3938.3857622146606,130,0.1559397763571263,D_56
D_51_last,3909.990203857422,101,0.15481545860688298,D_51
D_51_mean,3894.6698684692383,105,0.15420885229191242,D_51
D_43_max,3871.6018381118774,166,0.1532954771905096,D_43
B_22_mean,3706.633291721344,71,0.14676357305940332,B_22
D_62_last,3666.9338598251343,86,0.14519168018116008,D_62
R_1_diff,3644.5941109657288,87,0.14430714127325708,R_1
D_65_mean,3600.089948654175,119,0.14254500583583804,D_65
D_52_last,3575.91876745224,95,0.14158795164701787,D_52
D_46_mean,3575.875430583954,169,0.1415862357304072,D_46
D_54_last,3572.2210178375244,93,0.1414415398217783,D_54
S_8_last,3567.534592151642,104,0.14125598152010502,S_8
D_65_max,3559.937741756439,160,0.1409551854012961,D_65
B_10_last,3532.7196741104126,86,0.13987749021401516,B_10
R_6_mean,3508.95951461792,69,0.1389367103663383,R_6
B_3_max,3477.17294549942,122,0.13767812606841218,B_3
R_5_last,3400.0666637420654,104,0.1346251147437394,R_5
R_2_diff,3388.359389781952,63,0.13416156703833,R_2
S_7_mean,3371.560933113098,139,0.1334964347394023,S_7
D_41_max,3343.557879447937,116,0.13238765815185788,D_41
S_15_mean,3296.853624343872,145,0.13053841037990813,S_15
B_9_diff,3263.0129837989807,142,0.1291984954409041,B_9
D_77_mean,3233.466600418091,89,0.12802861095148146,D_77
D_47_last,3179.1208353042603,160,0.1258767987701775,D_47
B_37_diff,3173.7272872924805,120,0.12566324206915605,B_37
B_7_mean,3159.1259784698486,71,0.12508510550006532,B_7
D_49_last,3158.208543777466,110,0.1250487798150283,D_49
S_7_max,3111.2343139648438,142,0.12318884243616438,S_7
B_20_last,3073.6694960594177,84,0.12170146926940423,B_20
R_27_mean,3057.9887652397156,123,0.12108059315295046,R_27
D_55_diff,3039.4532351493835,110,0.12034668170002011,D_55
R_6_last,3022.8037843704224,60,0.11968744926630336,R_6
S_9_mean,3011.933524131775,183,0.11925704299000064,S_9
S_23_mean,2960.241959095001,144,0.1172103234510666,S_23
R_8_max,2946.790385723114,63,0.11667771047968414,R_8
D_50_max,2898.952869415283,122,0.11478359140529243,D_50
R_16_mean,2863.1145544052124,111,0.11336457885418467,R_16
B_28_diff,2838.7816548347473,112,0.1124011214515241,B_28
D_51_max,2834.8677859306335,105,0.11224615241637925,D_51
S_23_diff,2809.5428142547607,97,0.11124341407183339,S_23
D_49_mean,2777.397545814514,107,0.10997062712962866,D_49
D_47_max,2759.4653120040894,158,0.10926060309978124,D_47
D_53_last,2655.8752059936523,86,0.10515896884163918,D_53
B_11_diff,2640.166347503662,102,0.10453697901442192,B_11
D_56_last,2571.2537899017334,111,0.10180839693296541,D_56
D_47_mean,2552.041187286377,149,0.10104767689791423,D_47
D_52_mean,2505.226403236389,91,0.09919405274941104,D_52
D_129_mean,2494.9757146835327,110,0.09878817831837508,D_129
D_39_mean,2486.7849583625793,145,0.09846386658610663,D_39
B_17_last,2486.3810691833496,142,0.09844787465639614,B_17
B_1_diff,2436.6451840400696,108,0.09647858996098187,B_1
B_26_mean,2422.8026151657104,105,0.09593049558302996,B_26
B_3_mean,2412.209008216858,100,0.09551104335103469,B_3
R_11_mean,2406.602544784546,112,0.0952890562968012,R_11
D_46_diff,2362.118299484253,172,0.09352770947036883,D_46
B_23_diff,2299.7698063850403,91,0.0910590305097208,B_23
D_132_max,2298.715888977051,84,0.09101730081262574,D_132
P_3_max,2295.7384481430054,160,0.09089940950237568,P_3
S_15_max,2274.7146220207214,124,0.0900669743521337,S_15
S_25_mean,2239.9671330451965,95,0.0886911528894926,S_25
D_48_max,2235.805642604828,123,0.08852637931784062,D_48
S_26_max,2210.8780035972595,114,0.08753937329896716,S_26
S_11_mean,2195.97904253006,140,0.086949451235196,S_11
D_59_max,2183.5228776931763,145,0.08645625131111369,D_59
B_37_mean,2139.555916786194,78,0.08471538628039056,B_37
S_22_last,2117.723834514618,106,0.08385094835267332,S_22
S_24_diff,2112.701835632324,145,0.08365210308208453,S_24
P_4_mean,2104.6073417663574,50,0.08333160284686297,P_4
B_14_diff,2093.028302192688,126,0.08287313256219159,B_14
B_38_last,2084.8439559936523,44,0.08254907463771106,B_38
D_46_max,2079.898090839386,140,0.08235324387033212,D_46
B_26_last,2076.691414833069,119,0.08222627602881888,B_26
D_49_diff,2033.1361045837402,104,0.08050171024234645,D_49
D_56_mean,2023.0905876159668,101,0.0801039595485532,D_56
D_79_diff,2012.9387774467468,116,0.07970200019185526,D_79
D_65_diff,1995.6168823242188,94,0.07901614242814811,D_65
R_4_diff,1994.2125568389893,60,0.07896053837732091,R_4
D_59_diff,1983.6840829849243,140,0.07854366508016032,D_59
S_26_mean,1962.9745960235596,109,0.07772367614047605,S_26
R_27_max,1950.3814630508423,63,0.07722505298419671,R_27
P_3_diff,1939.993797302246,111,0.07681375496223815,P_3
D_112_diff,1932.2637100219727,104,0.07650768334953024,D_112
S_8_max,1923.7418990135193,103,0.0761702635580092,S_8
B_14_last,1917.1829047203064,108,0.07591056119136338,B_14
S_25_last,1877.518898487091,77,0.07434007098677836,S_25
D_41_mean,1876.899522781372,102,0.07431554690131231,D_41
B_5_max,1866.9273619651794,107,0.07392070073301824,B_5
B_17_mean,1860.8395738601685,112,0.07367965570266266,B_17
S_9_last,1860.8056135177612,130,0.0736783110481469,S_9
S_11_max,1848.7543497085571,105,0.07320114311775827,S_11
S_12_mean,1839.0580163002014,128,0.07281721829310299,S_12
D_49_max,1836.3980951309204,88,0.07271189912496949,D_49
D_77_max,1810.968002319336,94,0.07170499852528077,D_77
B_4_mean,1793.9006700515747,110,0.07102922013851583,B_4
B_40_last,1790.0847787857056,107,0.07087813051283423,B_40
S_12_diff,1770.0397300720215,122,0.0700844499030095,S_12
B_9_mean,1760.8963179588318,92,0.06972241791169179,B_9
D_121_max,1742.4729008674622,133,0.0689929455556505,D_121
D_79_last,1725.0120124816895,78,0.06830158437513906,D_79
B_8_last,1724.0329065322876,71,0.06826281682619946,B_8
S_12_max,1692.7270693778992,121,0.06702326703619038,S_12
D_128_mean,1685.8244071006775,105,0.0667499571887636,D_128
B_7_diff,1671.8443794250488,92,0.06619642015079247,B_7
B_5_diff,1666.923249721527,129,0.06600156877976779,B_5
D_132_last,1661.620855331421,65,0.06579162129232677,D_132
S_24_last,1659.773844242096,93,0.06571848917333482,S_24
B_7_max,1640.1754794120789,88,0.06494249494293733,B_7
D_74_last,1638.6540298461914,107,0.06488225338221482,D_74
D_129_last,1634.8272213935852,101,0.06473073149220945,D_129
D_77_last,1633.6442518234253,99,0.0646838919946727,D_77
S_9_max,1629.787546157837,117,0.06453118632913402,S_9
R_10_mean,1599.9303212165833,78,0.06334899411610778,R_10
D_74_diff,1595.4991703033447,86,0.06317354337965517,D_74
R_11_last,1590.6191449165344,107,0.06298031952770615,R_11
B_6_last,1563.5410442352295,58,0.06190816631078917,B_6
B_40_max,1561.3994579315186,107,0.06182337053165189,B_40
D_62_max,1554.4455118179321,95,0.06154803010864,D_62
D_123_max,1544.6735348701477,114,0.061161110189716775,D_123
D_70_max,1540.3634777069092,114,0.06099045414160434,D_70
D_61_last,1538.5951480865479,101,0.060920437403231366,D_61
B_21_max,1534.8231649398804,117,0.06077108631275225,B_21
B_5_mean,1533.605821609497,85,0.06072288579148512,B_5
B_1_max,1531.3177852630615,75,0.060632291345511014,B_1
D_121_last,1509.6992492675781,111,0.059776308749634355,D_121
D_120_0,1504.91148853302,33,0.059586738102350024,D_120
S_26_last,1496.4663434028625,109,0.05925235388444658,S_26
D_52_diff,1479.149559020996,124,0.05856669847972707,D_52
P_4_max,1473.2784481048584,69,0.05833423274922038,P_4
D_121_mean,1470.4822902679443,117,0.05822351931126035,D_121
S_5_mean,1464.9799451828003,106,0.0580056548069121,S_5
D_122_last,1460.334511756897,104,0.057821719587445454,D_122
S_15_last,1459.4629836082458,93,0.05778721156492173,S_15
S_16_max,1446.3065385818481,97,0.057266284154825264,S_16
B_26_max,1445.8315725326538,84,0.057247477947419384,B_26
D_59_mean,1434.926381111145,102,0.05681568857632297,D_59
D_61_max,1432.2926111221313,92,0.05671140486013567,D_61
D_53_diff,1420.7559266090393,109,0.05625461161755024,D_53
R_16_max,1414.6633987426758,84,0.05601337891707551,R_16
S_5_max,1405.8265600204468,99,0.05566348565185268,S_5
D_112_mean,1402.9511284828186,96,0.055549633383948936,D_112
B_8_max,1401.2144193649292,57,0.05548086865449065,B_8
D_78_diff,1391.2139325141907,110,0.05508490092123092,D_78
D_131_last,1389.487355709076,89,0.055016537379133,D_131
D_52_max,1377.5856251716614,83,0.05454529019556011,D_52
D_60_last,1373.8963613510132,92,0.054399214364026845,D_60
S_13_last,1371.1367387771606,91,0.054289947534168444,S_13
S_7_diff,1365.2703804969788,107,0.05405766998354884,S_7
D_59_last,1355.9465231895447,103,0.053688493292617115,D_59
D_78_last,1350.6936473846436,110,0.053480506485914,D_78
D_43_diff,1346.9070782661438,106,0.05333057786613156,D_43
B_19_last,1338.9784488677979,79,0.05301664500890395,B_19
D_122_mean,1336.3202772140503,101,0.052911395112567955,D_122
B_21_mean,1335.6787195205688,91,0.05288599273472028,B_21
D_123_mean,1332.0167541503906,96,0.05274099778111979,D_123
D_119_last,1330.2925953865051,100,0.052672729980991116,D_119
B_10_diff,1327.6303730010986,102,0.052567319696560325,B_10
D_132_mean,1321.573763847351,76,0.0523275091919675,D_132
B_25_diff,1320.107337474823,81,0.0522694462660931,B_25
S_24_max,1319.3753714561462,89,0.052240464184564024,S_24
D_119_mean,1312.474555015564,93,0.051967227422754066,D_119
B_15_diff,1305.1736555099487,94,0.051678149433737754,B_15
R_8_mean,1303.7638788223267,87,0.05162232954339323,R_8
S_13_max,1303.722370147705,93,0.051620686013828534,S_13
D_144_diff,1302.5507311820984,88,0.05157429514983017,D_144
D_84_mean,1301.244417667389,71,0.05152257186784736,D_84
D_50_diff,1294.8015732765198,72,0.051267468438656885,D_50
D_53_mean,1291.454327583313,85,0.05113493476208847,D_53
D_131_diff,1279.9678654670715,97,0.05068013006755442,D_131
D_133_max,1277.610601425171,99,0.05058679456166381,D_133
D_70_last,1276.9518852233887,100,0.050560712795328415,D_70
D_70_mean,1275.4899506568909,98,0.05050282772182047,D_70
D_55_last,1274.050145149231,85,0.05044581884498155,D_55
S_5_last,1271.2688417434692,102,0.05033569356593019,S_5
D_61_diff,1261.3240447044373,93,0.049941930862169144,D_61
S_27_max,1245.8938827514648,103,0.049330975981317735,S_27
B_19_diff,1240.9579401016235,85,0.04913553809396994,B_19
B_17_diff,1239.2217078208923,104,0.049066792244805334,B_17
D_91_last,1236.1315851211548,104,0.048944439313475877,D_91
D_118_mean,1232.787458896637,89,0.048812029151788706,D_118
S_16_mean,1227.7466640472412,87,0.0486124396577837,S_16
R_5_diff,1219.0321350097656,76,0.04826738922564994,R_5
D_78_mean,1215.835394859314,101,0.04814081479281608,D_78
R_10_diff,1203.99911403656,92,0.047672159080592885,R_10
B_40_diff,1199.0215921401978,91,0.047475074869396935,B_40
S_12_last,1196.2979655265808,104,0.04736723329402802,S_12
D_80_diff,1194.352710723877,103,0.04729021123036895,D_80
B_20_mean,1193.087176322937,53,0.047240102591101514,B_20
B_37_max,1190.0962562561035,80,0.04712167757270977,B_37
B_15_last,1182.0323972702026,98,0.04680239032083588,B_15
D_140_last,1180.8118076324463,97,0.04675406126252938,D_140
D_128_max,1179.3110523223877,74,0.04669463908767221,D_128
S_22_diff,1174.3504309654236,79,0.0464982240507251,S_22
B_13_max,1169.650604724884,80,0.04631213515615857,B_13
D_118_last,1160.2855687141418,90,0.04594132800082537,D_118
D_105_max,1159.948100566864,91,0.04592796600162279,D_105
D_83_last,1149.3001928329468,101,0.045506363738424316,D_83
D_71_diff,1144.5215392112732,96,0.04531715368586895,D_71
D_72_max,1134.3621878623962,77,0.04491489573732648,D_72
D_84_last,1133.5554676055908,71,0.04488295377327716,D_84
D_79_mean,1131.3855090141296,79,0.04479703459778573,D_79
S_27_last,1129.2593479156494,98,0.04471284957726865,S_27
D_74_max,1126.4458446502686,67,0.044601449349745775,D_74
D_124_last,1125.0632791519165,90,0.04454670688224029,D_124
D_122_max,1124.9743003845215,85,0.04454318378167934,D_122
D_129_max,1121.0811405181885,55,0.04438903471768894,D_129
D_119_diff,1120.5638179779053,95,0.0443685514115562,D_119
D_128_last,1109.7822542190552,80,0.04394165705868058,D_128
B_24_diff,1103.0410599708557,93,0.043674740512940013,B_24
B_24_last,1102.1796245574951,85,0.04364063211071229,B_24
D_42_diff,1101.273232460022,69,0.04360474365551628,D_42
D_124_max,1099.497555732727,92,0.04353443600957831,D_124
D_69_last,1099.0095648765564,91,0.04351511408695061,D_69
B_33_mean,1098.794690132141,59,0.043506606154611834,B_33
D_91_max,1098.6355094909668,92,0.043500303421694385,D_91
B_8_diff,1096.7148389816284,99,0.04342425476933649,B_8
B_12_mean,1095.9652280807495,72,0.04339457404142014,B_12
R_7_last,1093.6355419158936,69,0.04330233047731442,R_7
D_140_mean,1092.4691700935364,93,0.04325614816504002,D_140
B_13_mean,1091.681046962738,89,0.04322494255132445,B_13
D_72_last,1088.9572396278381,84,0.04311709382032423,D_72
B_2_diff,1087.6309151649475,85,0.043064578207936924,B_2
B_20_diff,1085.2824521064758,80,0.04297159117562673,B_20
R_11_diff,1079.2400922775269,83,0.04273234487084989,R_11
B_11_max,1079.0859689712524,73,0.042726242382327195,B_11
D_104_mean,1078.577871799469,91,0.04270612435323625,D_104
D_69_max,1077.7647438049316,94,0.042673928675800485,D_69
S_11_last,1077.553837776184,79,0.042665577884145996,S_11
D_92_diff,1077.1197032928467,96,0.04264838839628778,D_92
D_66_NaN,1076.590054512024,51,0.04262741703456346,D_66
D_124_diff,1076.151081085205,96,0.042610035949484995,D_124
D_60_mean,1075.2529344558716,96,0.042574473972327276,D_60
D_91_mean,1073.1169233322144,86,0.042489898941583684,D_91
D_72_mean,1063.216799736023,84,0.04209790507589647,D_72
B_10_mean,1062.531476020813,58,0.042070769789173824,B_10
D_102_max,1060.773076057434,82,0.04200114621403641,D_102
R_3_diff,1055.5277633666992,88,0.04179345886767132,R_3
S_24_mean,1050.4676399230957,83,0.041593104060962074,S_24
R_16_last,1042.1875777244568,85,0.041265256276251217,R_16
R_10_last,1037.0692701339722,87,0.04106259767722705,R_10
R_26_mean,1034.3101196289062,64,0.040953349538859395,R_26
R_12_mean,1030.8425035476685,75,0.0408160498153563,R_12
B_14_mean,1029.5921683311462,77,0.040766542985449856,B_14
D_83_diff,1027.316593170166,90,0.04067644193819045,D_83
D_71_last,1025.7721338272095,80,0.04061528930889649,D_71
D_124_mean,1023.1698174476624,81,0.04051225099352109,D_124
B_36_mean,1020.8290100097656,82,0.040419567084325904,B_36
R_22_diff,1020.7166290283203,93,0.04041511737671181,R_22
B_28_last,1017.9211087226868,83,0.04030442918170443,B_28
D_141_max,1015.6341009140015,83,0.04021387546052379,D_141
D_123_diff,1011.3883213996887,82,0.04004576447599918,D_123
S_5_diff,1009.0171689987183,88,0.0399518790626749,S_5
R_27_diff,1008.8533291816711,92,0.03994539185040793,R_27
D_105_mean,1008.2638206481934,84,0.0399220503510167,D_105
S_9_diff,1007.8060784339905,87,0.039903926118698765,S_9
B_23_max,1006.8607859611511,64,0.03986649740914449,B_23
D_145_max,1006.2903394699097,79,0.039843910668373346,D_145
D_86_max,995.4050402641296,85,0.03941290892648831,D_86
D_53_max,994.1955633163452,74,0.039365019873425985,D_53
D_54_diff,984.2855381965637,79,0.03897263395844055,D_54
D_51_diff,982.070216178894,86,0.038884918625090324,D_51
D_115_last,981.1403679847717,79,0.03884810142936799,D_115
D_102_diff,973.2659282684326,84,0.03853631420423515,D_102
D_55_max,972.9330201148987,84,0.03852313275728102,D_55
D_145_diff,971.8740220069885,90,0.038481201890656805,D_145
B_41_max,969.5107388496399,80,0.03838762805881909,B_41
B_26_diff,969.4805593490601,69,0.0383864331061519,B_26
S_3_diff,968.9340448379517,80,0.038364793948440175,S_3
D_131_mean,967.0480442047119,66,0.03829011804447504,D_131
S_20_diff,964.0837421417236,83,0.038172746961837006,S_20
S_8_diff,960.9270901679993,80,0.038047759814172966,S_8
D_83_max,960.0412368774414,81,0.03801268458986656,D_83
D_118_max,959.6821060180664,76,0.037998464858922186,D_118
D_62_diff,958.4400668144226,81,0.037949286508365154,D_62
B_2_max,952.6632838249207,72,0.0377205556775539,B_2
B_18_mean,952.1645126342773,62,0.037700806909246716,B_18
D_129_diff,948.6816039085388,80,0.03756290167584506,D_129
B_19_max,945.2732000350952,72,0.03742794645057006,B_19
B_24_mean,943.6005702018738,79,0.03736171893049743,B_24
D_144_max,940.5563273429871,74,0.03724118260438482,D_144
S_22_mean,939.1256670951843,70,0.03718453583269836,S_22
S_27_mean,933.3981614112854,80,0.0369577561291964,S_27
B_18_diff,932.4189720153809,66,0.036918985276205414,B_18
D_77_diff,931.4666171073914,83,0.036881276930621466,D_77
D_106_diff,930.7087731361389,57,0.03685127021555447,D_106
B_12_last,929.881694316864,71,0.03681852215736656,B_12
D_115_mean,929.591872215271,74,0.0368070466959886,D_115
R_20_last,929.4803595542908,88,0.03680263136938929,R_20
D_107_diff,929.1670408248901,80,0.03679022556266005,D_107
B_40_mean,924.8730931282043,74,0.03662020736638924,B_40
B_6_diff,923.1596221923828,77,0.03655236274916308,B_6
S_20_mean,922.2702264785767,67,0.036517147263154935,S_20
D_89_mean,916.1592392921448,81,0.03627518366875133,D_89
S_16_diff,915.6000900268555,80,0.03625304423989801,S_16
D_121_diff,914.7205581665039,78,0.0362182193116449,D_121
B_12_max,913.6212019920349,72,0.03617469047360464,B_12
D_80_last,913.5117588043213,79,0.03617035708747989,D_80
R_20_mean,912.7893414497375,73,0.036141753083831725,R_20
D_123_last,908.3516931533813,80,0.03596604508449744,D_123
S_16_last,907.7435789108276,75,0.03594196689492718,S_16
S_27_diff,903.8179545402527,81,0.03578653240390228,S_27
R_21_mean,900.5291438102722,74,0.03565631245068326,R_21
D_113_max,897.8849744796753,75,0.03555161697417113,D_113
D_58_last,895.3826231956482,61,0.035452536761323025,D_58
S_13_diff,895.1527795791626,74,0.0354434361388051,S_13
R_14_diff,892.4734783172607,79,0.03533734961889564,R_14
D_60_max,892.3035264015198,71,0.03533062039902429,D_60
D_84_diff,891.1772003173828,76,0.03528602369157359,D_84
R_6_max,889.2403721809387,64,0.0352093352804644,R_6
S_25_max,886.612268447876,54,0.035105275918806876,S_25
D_122_diff,883.1060061454773,79,0.03496644600414204,D_122
D_119_max,882.6193618774414,69,0.03494717739946368,D_119
D_144_mean,880.3366055488586,70,0.03485679201498148,D_144
D_145_last,880.0907669067383,71,0.03484705807189241,D_145
D_55_mean,878.9114689826965,71,0.034800363952616986,D_55
B_12_diff,878.4695887565613,77,0.03478286777326826,B_12
B_32_mean,877.2915215492249,79,0.03473622238403082,B_32
B_32_max,875.2353291511536,78,0.03465480776340662,B_32
D_141_mean,874.7033658027649,70,0.03463374475673678,D_141
D_139_diff,873.237771987915,79,0.03457571479585515,D_139
D_80_mean,873.0051898956299,73,0.034566505743810635,D_80
R_14_max,872.8940711021423,76,0.03456210601233391,R_14
S_6_mean,872.5762224197388,66,0.03454952084281472,S_6
R_4_last,872.5086050033569,55,0.03454684354164996,R_4
R_11_max,872.0768194198608,64,0.03452974705811841,R_11
D_83_mean,870.8991203308105,78,0.03448311624446769,D_83
D_56_diff,870.6331596374512,68,0.034472585571865694,D_56
D_75_max,870.5058488845825,63,0.03446754472225653,D_75
B_6_max,868.5794811248779,71,0.03439127048814976,B_6
D_60_diff,865.2828722000122,70,0.03426074176660792,D_60
D_91_diff,864.3268156051636,78,0.03422288685330415,D_91
B_22_diff,863.3144617080688,70,0.03418280285700754,B_22
S_26_diff,863.0801005363464,72,0.03417352336258731,S_26
D_125_diff,860.6899223327637,75,0.034078884625545265,D_125
D_58_max,860.1133623123169,69,0.034056055820528876,D_58
B_15_max,859.2172079086304,71,0.03402057272523814,B_15
D_107_last,857.1181516647339,75,0.03393746091725461,D_107
D_104_max,856.5536389350891,74,0.033915109122858,D_104
B_28_mean,855.1068820953369,64,0.03385782500909784,B_28
B_36_last,854.3487868309021,75,0.03382780834411608,B_36
D_94_diff,852.5421104431152,76,0.03375627327140578,D_94
D_69_diff,851.3794798851013,75,0.033710239093915594,D_69
D_131_max,850.9437255859375,61,0.03369298546969975,D_131
D_107_mean,847.7183594703674,76,0.0335652775961955,D_107
R_23_last,846.6378316879272,74,0.03352249426543142,R_23
D_106_max,845.6871786117554,43,0.03348485330361561,D_106
S_19_last,844.9821801185608,74,0.0334569389970955,S_19
S_17_last,842.6440143585205,76,0.0333643596847273,S_17
D_109_mean,839.4158668518066,75,0.03323654168247002,D_109
B_21_diff,837.8957099914551,72,0.03317635130622367,B_21
R_21_last,836.6132774353027,73,0.03312557358710886,R_21
D_96_max,833.7689571380615,74,0.03301295316396615,D_96
D_127_last,833.7679810523987,76,0.03301291451600499,D_127
D_79_max,831.7053489685059,65,0.03293124491701467,D_79
D_133_mean,831.4962091445923,66,0.03292296405796796,D_133
R_24_last,830.591010093689,76,0.03288712284126674,R_24
D_92_max,830.49751329422,73,0.032883420849923184,D_92
D_69_mean,829.7835645675659,68,0.03285515216029074,D_69
D_139_mean,828.1543669700623,74,0.03279064433288751,D_139
D_81_last,827.8490777015686,75,0.03277855645142351,D_81
B_19_mean,826.6390390396118,60,0.032730645157375234,B_19
B_36_diff,823.4428377151489,73,0.032604092059273226,B_36
D_47_diff,823.3857560157776,73,0.032601831918197294,D_47
B_41_last,823.1144700050354,73,0.0325910903904755,B_41
D_133_last,822.6523628234863,66,0.03257279332794924,D_133
R_5_max,822.4463572502136,65,0.03256463656907288,R_5
D_78_max,821.4124574661255,71,0.03252369946670642,D_78
B_24_max,821.2739477157593,67,0.03251821519451993,B_24
R_28_diff,820.0115242004395,76,0.03246822973028845,R_28
D_115_max,819.6783170700073,66,0.03245503644539018,D_115
R_6_diff,818.9908394813538,69,0.032427815876380994,R_6
D_93_last,818.6878972053528,74,0.032415820923722485,D_93
B_29_last,817.7019815444946,55,0.03237678374530887,B_29
D_130_mean,812.6897420883179,72,0.03217832489769079,D_130
B_13_last,812.0819277763367,66,0.03215425858382526,B_13
B_16_mean,811.8727283477783,64,0.03214597536474184,B_16
D_93_mean,811.2974882125854,71,0.032123198820378354,D_93
B_13_diff,810.7565078735352,72,0.03210177878735506,B_13
R_18_diff,809.5674676895142,71,0.03205469892479949,R_18
D_113_mean,809.5229988098145,67,0.03205293818637164,D_113
R_13_last,808.218629360199,73,0.032001291879346166,R_13
R_25_last,806.9037818908691,74,0.0319492306967474,R_25
D_54_mean,805.174008846283,59,0.03188074060004096,D_54
D_143_mean,804.0210556983948,72,0.03183508959811097,D_143
D_141_diff,802.8690690994263,69,0.031789476866536256,D_141
D_109_last,802.253502368927,71,0.0317651035968561,D_109
D_139_max,802.0487480163574,63,0.03175699637987035,D_139
D_66_1,801.0448217391968,31,0.031717246073884216,D_66
D_75_mean,799.7914896011353,63,0.031667620581332004,D_75
R_26_last,799.5824775695801,41,0.03165934478220401,R_26
S_22_max,797.340989112854,62,0.03157059339273819,S_22
D_58_mean,796.0729122161865,58,0.03152038408374486,D_58
D_105_last,794.0021572113037,64,0.031438392858951725,D_105
R_20_max,790.7191162109375,67,0.03130840135728621,R_20
R_25_mean,789.2819638252258,68,0.031251497530401316,R_25
D_139_last,787.2431716918945,65,0.031170771870573728,D_139
D_109_diff,785.3147716522217,73,0.031094417168655304,D_109
D_144_last,784.773193359375,67,0.03107297345974374,D_144
D_81_diff,781.553590297699,66,0.030945493773468884,D_81
D_58_diff,780.6010913848877,65,0.030907779726036245,D_58
D_127_max,779.6084775924683,64,0.03086847733613733,D_127
D_141_last,779.2976179122925,68,0.030856168895082588,D_141
R_15_max,779.0600800514221,68,0.030846763620145875,R_15
R_5_mean,773.1562094688416,55,0.030613000775702896,R_5
S_18_max,771.3925743103027,68,0.030543169913821184,S_18
D_96_mean,771.3525891304016,73,0.030541586706794792,D_96
R_4_mean,770.3025417327881,58,0.03050001024216321,R_4
R_28_mean,769.7224702835083,68,0.030477042402664172,R_28
S_18_diff,768.0891733169556,70,0.030412372261376188,S_18
B_28_max,768.0730319023132,61,0.030411733144554885,B_28
D_145_mean,767.8233580589294,67,0.030401847347263766,D_145
R_16_diff,766.4143013954163,62,0.030346055966162692,R_16
D_127_mean,765.9460306167603,67,0.030327514856960343,D_127
S_17_max,765.1114912033081,69,0.03029447139769754,S_17
P_4_diff,764.5954895019531,68,0.03027404038997829,P_4
D_133_diff,763.7478790283203,68,0.030240479384105182,D_133
D_113_last,763.7101974487305,66,0.030238987387777548,D_113
R_13_mean,763.0010209083557,64,0.030210907652124235,R_13
S_6_last,762.2622981071472,67,0.030181658036833734,S_6
D_142_last,761.6577253341675,53,0.030157720071204628,D_142
B_25_max,760.8553800582886,58,0.030125951333849807,B_25
D_96_diff,758.1981840133667,69,0.030020740066594682,D_96
R_25_max,756.7513194084167,65,0.029963451685888147,R_25
D_71_max,756.48415184021,64,0.029952873227262852,D_71
R_22_mean,756.4327812194824,68,0.029950839215464303,R_22
S_25_diff,755.9745197296143,56,0.029932694422506557,S_25
D_104_last,752.9071178436279,67,0.029811241118290577,D_104
D_80_max,749.2606616020203,65,0.029666860246241978,D_80
D_109_max,749.1059498786926,66,0.029660734459436885,D_109
S_18_mean,748.707567691803,65,0.02964496057823808,S_18
D_125_last,748.6161699295044,66,0.0296413416979473,D_125
D_118_diff,747.8134078979492,62,0.029609556459215803,D_118
D_143_last,746.8727698326111,66,0.029572312040208118,D_143
D_140_max,745.9653987884521,63,0.02953638482376919,D_140
D_140_diff,745.5727806091309,65,0.02952083916756037,D_140
S_20_max,745.4047985076904,67,0.02951418794218221,S_20
R_21_max,744.4959001541138,60,0.02947820025216263,R_21
R_28_last,743.070360660553,67,0.02942175623594998,R_28
B_14_max,741.5372371673584,55,0.029361052447877636,B_14
D_104_diff,740.0150017738342,64,0.02930077977243114,D_104
D_81_mean,738.7616882324219,62,0.029251155016210385,D_81
B_41_diff,738.64501953125,66,0.029246535536995532,B_41
D_106_last,736.6527562141418,44,0.029167652178464485,D_106
D_89_diff,736.6030869483948,70,0.02916568553155378,D_89
B_15_mean,735.7580814361572,61,0.029132227668725034,B_15
R_14_mean,733.4294481277466,64,0.02904002579230775,R_14
R_7_max,732.6979522705078,66,0.029011062326748237,R_7
B_25_mean,731.6080513000488,61,0.028967907866051322,B_25
R_20_diff,727.4269895553589,62,0.028802359371625612,R_20
R_8_diff,727.1955318450928,63,0.02879319483931359,R_8
R_15_mean,726.5300097465515,60,0.02876684359454652,R_15
R_17_diff,725.8834342956543,68,0.028741242539368467,R_17
D_74_mean,725.8444709777832,61,0.028739699792811428,D_74
S_20_last,721.5096478462219,63,0.028568063140005928,S_20
R_9_max,721.3438696861267,54,0.02856149917934515,R_9
B_21_last,721.0766525268555,65,0.02855091875716931,B_21
D_75_diff,720.8906764984131,58,0.028543555065028908,D_75
B_27_diff,717.039059638977,65,0.028391050889984348,B_27
B_6_mean,716.5935182571411,55,0.02837340974774076,B_6
B_32_last,715.8900990486145,63,0.02834555797275332,B_32
D_125_mean,714.9700584411621,62,0.02830912910691136,D_125
S_17_mean,714.2731695175171,66,0.028281535897545843,S_17
B_10_max,714.1457843780518,59,0.028276492102610865,B_10
S_19_max,713.514642238617,64,0.028251502127018,S_19
D_82_mean,711.1211771965027,61,0.02815673324811163,D_82
S_11_diff,710.4872884750366,64,0.02813163452202718,S_11
R_19_mean,708.6475348472595,65,0.02805878976110502,R_19
D_130_last,708.307599067688,60,0.028045330056382656,D_130
B_41_mean,708.2274913787842,61,0.028042158204805292,B_41
B_32_diff,708.0708174705505,64,0.028035954725591714,B_32
D_89_last,705.1193437576294,63,0.027919091579494505,D_89
R_19_last,701.8268399238586,62,0.02778872539840094,R_19
R_24_max,701.6467866897583,60,0.027781596218388317,R_24
R_22_max,699.0247197151184,61,0.027677775881248763,R_22
S_19_diff,697.9400911331177,62,0.027634830179959047,S_19
S_18_last,697.4054908752441,66,0.027613662765265168,S_18
B_16_diff,697.0865302085876,62,0.027601033566901124,B_16
R_23_mean,694.6027131080627,62,0.027502687212188005,R_23
S_6_diff,693.7662205696106,62,0.027469566419242298,S_6
R_24_mean,693.2371006011963,60,0.027448615995763665,R_24
S_17_diff,690.8969278335571,63,0.027355957216239367,S_17
R_15_diff,689.8030695915222,61,0.027312646067985214,R_15
D_94_last,685.5475296974182,61,0.027144148622729306,D_94
D_76_last,684.8145813941956,47,0.02711512764779525,D_76
R_13_diff,684.6894698143005,62,0.027110173874100533,R_13
D_103_mean,683.3722085952759,61,0.027058017119455168,D_103
D_130_diff,682.6278705596924,58,0.027028545169826314,D_130
D_115_diff,681.0694079399109,60,0.026966838082947905,D_115
R_9_diff,680.7100200653076,50,0.02695260817552523,R_9
R_18_mean,680.2092299461365,62,0.02693277946805461,R_18
B_17_max,679.3545742034912,55,0.026898939505842403,B_17
R_15_last,677.2857208251953,62,0.026817023575660456,R_15
R_21_diff,676.0886392593384,61,0.0267696253158323,R_21
D_84_max,675.3698921203613,56,0.026741166633804568,D_84
S_13_mean,674.161828994751,49,0.026693333560813,S_13
B_22_max,670.8012495040894,51,0.026560271934592455,B_22
D_93_diff,666.3259711265564,59,0.026383073978002256,D_93
B_27_mean,666.0739412307739,58,0.02637309489318007,B_27
D_92_last,665.7460565567017,61,0.026360112350119837,D_92
P_4_last,665.5679831504822,57,0.026353061561086567,P_4
R_22_last,663.4444961547852,59,0.026268982421256432,R_22
D_45_diff,663.269380569458,58,0.026262048746684846,D_45
D_94_mean,662.963809967041,59,0.02624994972584758,D_94
B_38_4,662.7943296432495,29,0.026243239178586685,B_38
D_71_mean,662.4288921356201,52,0.026228769736878113,D_71
S_19_mean,661.368420124054,61,0.02618678051126614,S_19
D_142_diff,661.0086193084717,46,0.026172534253509138,D_142
D_130_max,658.8973083496094,55,0.026088937221978078,D_130
R_26_max,656.8296303749084,46,0.02600706783172005,R_26
R_13_max,655.9768400192261,57,0.025973301729216712,R_13
D_107_max,654.1467208862305,58,0.02590083844462832,D_107
D_70_diff,654.0026807785034,56,0.025895135198795747,D_70
B_16_last,652.2946443557739,50,0.02582750576027663,B_16
R_8_last,650.6869220733643,60,0.025763848244659788,R_8
D_117_last,650.2403211593628,45,0.02574616515040365,D_117
R_17_last,646.7344431877136,57,0.025607350453255517,R_17
R_9_last,645.3330812454224,49,0.02555186374345353,R_9
D_102_mean,644.3944225311279,54,0.0255146976965449,D_102
D_96_last,644.3721179962158,57,0.025513814551927805,D_96
D_125_max,643.6995687484741,56,0.025487185068272803,D_125
D_102_last,643.6753120422363,55,0.025486224627733388,D_102
D_86_last,642.1550302505493,58,0.025426029304850092,D_86
B_29_mean,641.2225074768066,46,0.025389106209560516,B_29
S_15_diff,637.6262512207031,54,0.025246712998189483,S_15
D_128_diff,637.3693103790283,57,0.025236539465222706,D_128
B_33_diff,635.5650396347046,46,0.025165099643594025,B_33
D_72_diff,635.2659111022949,55,0.025153255695524356,D_72
R_12_diff,623.3837738037109,55,0.024682784303218713,R_12
R_19_diff,622.0349822044373,55,0.024629379108034165,R_19
D_86_diff,619.1105093955994,54,0.02451358505856649,D_86
R_7_diff,618.3605012893677,52,0.024483888603365506,R_7
B_38_3,617.2061190605164,46,0.024438181017195356,B_38
R_4_max,616.6553654670715,57,0.024416374013672835,R_4
R_23_diff,616.0389084815979,55,0.024391965494484382,R_23
D_94_max,611.4519195556641,54,0.024210344375972997,D_94
R_19_max,610.5144491195679,54,0.024173225378756213,R_19
D_106_mean,610.2605257034302,31,0.02416317132028783,D_106
D_64_O,608.5290575027466,35,0.024094614104137366,D_64
R_12_last,604.8065500259399,39,0.023947221995169722,R_12
R_17_max,603.2074213027954,54,0.023883904740205547,R_17
D_143_diff,598.8221192359924,54,0.02371026938175068,D_143
D_142_mean,598.5577754974365,41,0.023699802732224544,D_142
D_105_diff,591.7275285720825,53,0.023429360159477504,D_105
D_143_max,588.4922881126404,52,0.023301261312851762,D_143
D_92_mean,588.2458810806274,53,0.023291504864452632,D_92
R_17_mean,586.293869972229,53,0.023214215285912436,R_17
R_28_max,586.080153465271,51,0.023205753213807006,R_28
D_82_diff,583.6454992294312,46,0.023109353455132705,D_82
D_103_diff,579.6864891052246,52,0.02295259706034592,D_103
D_89_max,577.2726211547852,51,0.022857020331433643,D_89
B_27_max,577.1338691711426,49,0.022851526468057964,B_27
D_120_last,576.7143859863281,23,0.02283491709610331,D_120
D_66_last,572.8896346092224,21,0.022683476655684875,D_66
D_113_diff,572.2939901351929,52,0.022659892204674598,D_113
D_86_mean,561.384069442749,50,0.022227915578825485,D_86
D_142_max,561.0255184173584,39,0.022213718806318214,D_142
B_18_max,559.2842330932617,43,0.0221447728826815,B_18
D_103_max,557.6601915359497,47,0.02208046920789381,D_103
B_27_last,557.6048593521118,50,0.022078278338615382,B_27
B_20_max,554.1635799407959,41,0.021942021411492728,B_20
R_18_max,550.8412885665894,47,0.021810475797333376,R_18
B_29_max,549.3786072731018,39,0.021752561157285535,B_29
R_25_diff,548.9320030212402,51,0.02173487793086734,R_25
D_81_max,547.1990790367126,50,0.021666263073180272,D_81
D_103_last,545.7301816940308,48,0.021608102309624042,D_103
R_24_diff,543.181694984436,48,0.021507195371721688,R_24
D_93_max,542.8735499382019,48,0.021494994416178855,D_93
D_127_diff,541.3347759246826,49,0.021434066896626424,D_127
R_18_last,529.5639066696167,48,0.020968001145329433,R_18
D_132_diff,528.2235803604126,33,0.020914931131998556,D_132
R_7_mean,526.3419971466064,44,0.020840430135074056,R_7
D_82_last,524.6130709648132,40,0.020771973569769186,D_82
D_114_0,506.60972023010254,34,0.02005913367628171,D_114
R_26_diff,500.6732482910156,37,0.019824079986159947,R_26
R_14_last,499.53440713882446,46,0.01977898774652136,R_14
R_23_max,493.5444383621216,44,0.019541815857371535,R_23
D_134_mean,480.3349599838257,34,0.019018788599892464,D_134
B_36_max,479.34350395202637,40,0.018979532051346604,B_36
R_9_mean,460.9296283721924,36,0.018250437489981806,R_9
D_112_max,457.829309463501,36,0.01812768084133263,D_112
D_76_max,456.05114126205444,31,0.018057274545860192,D_76
B_33_max,429.33051776885986,36,0.01699927558302913,B_33
D_114_1,420.23401975631714,26,0.016639101148285262,D_114
B_29_diff,411.56702947616577,32,0.01629593300591005,B_29
D_134_last,404.2586278915405,31,0.016006557973233297,D_134
B_38_5,392.15500926971436,31,0.015527317062119966,B_38
D_117_2,384.1349081993103,29,0.015209762398156046,D_117
D_117_3,376.75615215301514,31,0.014917601691428826,D_117
D_120_1,375.44874000549316,28,0.014865834909249387,D_120
S_6_max,371.14557933807373,32,0.01469545192682442,S_6
B_38_2,369.1852321624756,26,0.014617832282990139,B_38
D_76_mean,364.32685947418213,26,0.014425465766296755,D_76
B_16_max,362.1940498352051,32,0.014341017497844916,B_16
D_137_last,349.77529096603394,29,0.013849298657280493,D_137
D_137_max,345.33297061920166,29,0.013673405668828749,D_137
B_39_last,336.73306941986084,17,0.013332893908252895,B_39
B_30_0,333.02624320983887,18,0.013186122696623155,B_30
D_63_CO,332.37299251556396,18,0.013160257336213899,D_63
D_82_max,326.9511866569519,25,0.012945581770108792,D_82
D_136_last,316.4645195007324,26,0.012530363802696448,D_136
D_63_last,314.60369968414307,18,0.012456684929279874,D_63
B_39_mean,311.2087707519531,15,0.012322263242223921,B_39
D_76_diff,304.2158193588257,22,0.012045378411189153,D_76
D_136_mean,297.7131414413452,24,0.011787905882747928,D_136
D_136_max,297.0634694099426,26,0.011762182218942728,D_136
D_64_U,285.42990016937256,24,0.011301552840527165,D_64
D_138_mean,282.19571018218994,23,0.011173495587188399,D_138
D_117_4,279.09928035736084,23,0.01105089292621446,D_117
D_110_max,279.09850025177,12,0.011050862038054002,D_110
D_68_6,276.402400970459,18,0.01094411040315884,D_68
D_111_max,275.6383981704712,9,0.01091385983021869,D_111
D_135_mean,273.668119430542,20,0.01083584694762768,D_135
D_137_mean,271.0891604423523,25,0.010733733464557816,D_137
B_39_diff,261.07469940185547,16,0.010337212425411546,B_39
D_108_last,259.476279258728,19,0.010273923226563779,D_108
D_111_diff,259.2508296966553,15,0.010264996585952103,D_111
D_63_CL,255.389741897583,15,0.010112117410514503,D_63
B_38_1,248.58627891540527,16,0.00984273534386337,B_38
D_64_R,243.2880401611328,21,0.009632952398181759,D_64
D_138_last,240.95933628082275,19,0.00954074772748101,D_138
D_117_5,232.98746967315674,19,0.009225102899624117,D_117
B_39_max,231.6017894744873,11,0.009170237106040327,B_39
D_135_diff,229.35863971710205,19,0.009081419937631334,D_135
D_117_-1,219.41013050079346,19,0.008687510250784002,D_117
D_136_diff,215.42281103134155,19,0.008529632951841832,D_136
D_110_last,210.41879844665527,9,0.008331499845930585,D_110
D_135_last,203.13827896118164,17,0.008043228800666082,D_135
D_108_mean,202.88298988342285,18,0.008033120669036605,D_108
D_135_max,202.05911874771118,17,0.008000499618584268,D_135
D_138_diff,201.68132877349854,15,0.007985541082867961,D_138
D_134_diff,191.20280838012695,15,0.00757064568527311,D_134
D_137_diff,185.57367038726807,15,0.007347760835314633,D_137
D_126_1,185.407151222229,15,0.007341167534677479,D_126
D_117_NaN,184.59502506256104,5,0.007309011524738732,D_117
D_138_max,183.99475955963135,15,0.007285244104802419,D_138
D_110_mean,178.19200801849365,10,0.007055485053197442,D_110
D_68_5,170.63548946380615,14,0.0067562858673884275,D_68
D_117_1,165.61860942840576,12,0.006557643276752272,D_117
D_117_6,157.59080123901367,13,0.006239783450601632,D_117
D_126_0,155.68307971954346,13,0.006164247511498862,D_126
D_111_mean,153.60455989837646,9,0.00608194884000347,D_111
B_38_7,152.10464000701904,13,0.006022559743420824,B_38
D_68_4,149.99715900421143,13,0.005939114358408588,D_68
D_114_last,139.3647222518921,8,0.0055181246663385,D_114
D_64_last,136.81853103637695,7,0.005417308618169914,D_64
D_111_last,136.48770141601562,6,0.005404209470415924,D_111
D_126_-1,132.3289279937744,10,0.005239543478677325,D_126
D_134_max,131.49412059783936,9,0.005206489408689477,D_134
D_68_2,126.9083194732666,11,0.005024915320989645,D_68
D_73_diff,123.80693054199219,11,0.004902116304961453,D_73
D_68_last,121.48399066925049,11,0.004810139859250688,D_68
D_108_diff,116.3016004562378,9,0.004604943918678802,D_108
B_31_diff,115.64750957489014,10,0.004579045291192085,B_31
B_30_1,114.72928762435913,10,0.004542688434790214,B_30
B_30_last,110.57789993286133,3,0.004378314879920398,B_30
D_68_3,106.41497898101807,9,0.004213484667387385,D_68
D_54_max,105.9184799194336,9,0.004193825863679577,D_54
D_108_max,101.55023956298828,9,0.004020866061012809,D_108
D_110_diff,101.44113731384277,6,0.004016546174298044,D_110
R_12_max,99.15093898773193,9,0.003925866125072403,R_12
B_30_2,98.46738958358765,8,0.003898801091922535,B_30
D_114_NaN,97.89022016525269,9,0.003875948157890823,D_114
D_73_max,92.80951023101807,8,0.0036747782322626,D_73
D_68_NaN,88.94365978240967,8,0.0035217104804517417,D_68
D_116_0,83.427978515625,5,0.0033033179320498996,D_116
D_126_NaN,69.49651002883911,6,0.0027517035876657918,D_126
D_64_NaN,68.28348922729492,6,0.00270367421626085,D_64
D_126_last,58.004639625549316,5,0.002296684752840841,D_126
B_38_6,50.27333068847656,5,0.001990564768820529,B_38
D_68_1,47.29360008239746,4,0.001872582795400239,D_68
B_42_last,44.85599994659424,5,0.0017760663942715936,B_42
D_63_XM,39.91557025909424,4,0.0015804508433602895,D_63
D_88_mean,36.75184965133667,4,0.0014551838142227672,D_88
D_66_0,35.093299865722656,3,0.0013895137914618754,D_66
D_73_mean,32.192100524902344,3,0.0012746412513680483,D_73
D_68_0,30.0639591217041,3,0.0011903778209913195,D_68
D_120_NaN,27.604899406433105,2,0.001093011731125977,D_120
B_42_diff,24.019800186157227,2,0.0009510602808664285,B_42
B_42_mean,23.556699752807617,2,0.000932723890688434,B_42
D_64_-1,22.949199676513672,2,0.0009086700189364338,D_64
D_116_NaN,22.429840087890625,2,0.0008881060561891013,D_116
B_42_max,21.87104034423828,2,0.0008659804665910511,B_42
D_63_CR,21.547760009765625,2,0.000853180231646576,D_63
D_88_diff,20.249340057373047,2,0.0008017694940453229,D_88
D_73_last,19.55235004425049,2,0.0007741722820575455,D_73
D_88_max,18.68970012664795,2,0.0007400157917218227,D_88
D_116_last,15.918600082397461,1,0.0006302945131945896,D_116
D_63_XZ,12.215900421142578,1,0.000483686691626342,D_63
D_88_last,10.687399864196777,1,0.0004231659480012081,D_88
B_31_mean,10.622400283813477,1,0.00042059229964874724,B_31
D_63_XL,0.0,0,0.0,D_63
B_30_NaN,0.0,0,0.0,B_30
D_87_last,0.0,0,0.0,D_87
B_31_last,0.0,0,0.0,B_31
B_31_max,0.0,0,0.0,B_31
D_87_diff,0.0,0,0.0,D_87
D_63_NaN,0.0,0,0.0,D_63
B_38_NaN,0.0,0,0.0,B_38
D_116_1,0.0,0,0.0,D_116
D_87_mean,0.0,0,0.0,D_87
D_87_max,0.0,0,0.0,D_87
