feature,gain,gain_pct,splits,parts
P_2,613282.336889267,24.282819467768405,787,4
D_44,195320.91781568527,7.733701592735568,594,4
D_48,110996.33742713928,4.394882847919664,638,4
B_9,91932.63745069504,3.6400585898727864,436,4
R_1,82725.77609348297,3.275514335531542,449,4
B_3,69687.77868843079,2.7592768407196218,637,4
B_2,67472.60072517395,2.671567211181641,425,4
B_18,64352.20699977875,2.548015703263665,246,4
B_11,52026.32612848282,2.0599743526892054,425,4
D_42,51215.71190023422,2.0278782074416384,597,4
B_1,43004.4137301445,1.7027531238273228,415,4
R_2,41314.036469459534,1.6358228971036313,299,4
S_3,39061.46439027786,1.5466326533174637,746,4
D_39,36948.50114631653,1.462970199812941,787,4
B_4,30150.794983386993,1.1938160735313637,799,4
B_37,29268.733295440674,1.1588909771451248,408,4
D_41,27649.81022977829,1.0947899682442537,515,4
R_3,22361.64867401123,0.8854060276820286,595,4
B_7,21164.212563991547,0.837993729732471,374,4
D_43,20754.99228811264,0.8217907160730183,757,4
D_45,20656.238295555115,0.8178805669805804,365,4
P_3,18294.791620254517,0.724379450366097,610,4
S_23,17465.831720352173,0.6915569110810913,494,4
B_23,16458.176151275635,0.6516589443571695,311,4
D_50,14404.353694438934,0.5703381611903471,488,4
D_62,14207.928677558899,0.5625607429655786,347,4
D_65,13838.732849121094,0.5479424911247023,502,4
S_7,13001.409456729889,0.5147888006455221,583,4
D_46,12845.107946395874,0.5086000664692993,683,4
D_51,11621.598074436188,0.46015538194026495,397,4
B_5,11535.127242088318,0.45673158268039793,544,4
B_22,11472.73241186142,0.4542610690083314,303,4
R_10,11468.291971206665,0.45408525044599735,311,4
R_27,11109.10549736023,0.4398633174552024,403,4
B_33,10950.159356594086,0.43356986954522336,223,4
S_8,10492.386425971985,0.41544442101541385,427,4
D_49,9805.14028930664,0.3882330163119729,409,4
D_56,9403.363299369812,0.3723247184105106,410,4
D_47,9314.013090610504,0.3687869106860703,540,4
B_8,9144.50858259201,0.3620754058544397,324,4
D_61,9008.187919139862,0.3566778102264205,407,4
D_52,8937.880354881287,0.3538939930717161,393,4
D_112,8476.259727478027,0.3356161955817563,325,4
R_6,8239.994510650635,0.32626131078948706,262,4
B_25,7986.345868110657,0.3162181319392947,273,4
S_15,7668.6574811935425,0.30363930929515304,416,4
D_77,7609.545471668243,0.3012987784020564,365,4
S_9,7510.3327622413635,0.2973704664859803,517,4
D_75,7460.176023006439,0.29538451813776706,265,4
D_59,6958.07986497879,0.2755040982602141,490,4
B_26,6914.806161880493,0.2737906826654201,377,4
B_10,6637.027307510376,0.2627920718023602,305,4
S_26,6533.399043560028,0.2586889266864771,404,4
S_12,6498.122781276703,0.25729216852633086,475,4
D_53,6362.28102350235,0.2519135350947039,354,4
B_17,6265.796925067902,0.24809326210970653,413,4
R_5,6214.701365470886,0.2460701413141651,300,4
D_129,6199.565680503845,0.24547084620411852,346,4
D_55,6165.34786939621,0.24411599725489966,350,4
S_24,6142.318691253662,0.24320416050094545,410,4
R_16,6086.379832267761,0.2409892700136741,342,4
R_11,5948.538601398468,0.23553146775347567,366,4
B_20,5906.2027044296265,0.2338551844476252,258,4
S_11,5832.774518489838,0.23094780675912746,388,4
D_132,5810.134088516235,0.23005136242891855,258,4
B_14,5781.340612411499,0.22891128918688247,366,4
S_25,5760.072819709778,0.2280691942175844,282,4
D_79,5701.041647911072,0.22573186408179471,338,4
D_121,5637.3749985694885,0.2232109929281901,439,4
R_8,5628.436718463898,0.22285708310705074,273,4
B_28,5479.882677555084,0.21697510878688125,320,4
B_40,5475.378921985626,0.2167967832802723,379,4
D_54,5467.599044799805,0.21648874024393938,240,4
S_5,5151.092515945435,0.20395671308736987,395,4
D_74,5086.443515777588,0.2013969459044272,321,4
S_22,5028.54092168808,0.19910430162883497,317,4
P_4,5008.049262523651,0.19829293754714822,244,4
D_122,4804.735095500946,0.19024274448583478,369,4
D_123,4796.430303573608,0.1899139175313332,372,4
D_78,4779.155432224274,0.1892299216666674,392,4
D_70,4746.807994365692,0.18794912985754897,368,4
D_119,4645.950330257416,0.18395568621476505,357,4
D_128,4612.287024021149,0.1826227928003391,316,4
B_38,4577.148895740509,0.18123150403470795,210,9
S_16,4497.3968715667725,0.17807373494743417,339,4
D_131,4487.446990966797,0.1776797709608622,313,4
B_21,4429.47424697876,0.1753843491108655,345,4
B_19,4351.848628044128,0.17231077471081918,296,4
D_124,4323.881733417511,0.1712034298348247,359,4
D_91,4272.2108335494995,0.1691575285300581,360,4
R_4,4253.679069042206,0.16842376617480692,230,4
S_13,4244.173717498779,0.16804740324761508,307,4
S_27,4212.369346618652,0.16678811409168506,362,4
D_60,4206.735694408417,0.16656505050198633,329,4
D_118,4100.568541526794,0.16236137847075208,317,4
B_15,4082.181342124939,0.1616333401485368,324,4
B_6,4071.8736658096313,0.16122520929584278,261,4
D_83,4007.5571432113647,0.158678606510949,350,4
D_84,4001.346977710724,0.15843271596650269,274,4
B_24,3970.095202445984,0.15719530674866966,324,4
D_72,3921.8021383285522,0.15528315032907153,300,4
D_144,3908.216857433319,0.1547452432289402,299,4
B_13,3884.170087337494,0.15379311507866333,307,4
D_69,3857.9373531341553,0.15275443401695743,328,4
B_12,3817.9377131462097,0.15117065444565958,292,4
D_140,3764.8191571235657,0.14906743341889894,318,4
D_80,3730.1303210258484,0.14769393430790145,320,4
D_133,3695.50705242157,0.1463230313316862,299,4
D_145,3626.078486442566,0.14357401797818634,307,4
D_71,3589.2067170143127,0.1421140859589064,292,4
D_105,3553.9416069984436,0.14071776937106872,292,4
D_141,3472.504153728485,0.1374932659788794,290,4
D_104,3428.0536303520203,0.13573325436681596,296,4
D_115,3411.479965209961,0.13507702265369467,279,4
R_20,3360.4158067703247,0.13305514518213285,290,4
S_20,3353.2684149742126,0.13277214530718007,280,4
D_58,3332.1699891090393,0.131936756391633,253,4
D_102,3322.108738899231,0.13153838274254986,275,4
D_139,3290.6840586662292,0.13029412737918675,281,4
D_107,3288.150272846222,0.13019380252073848,289,4
B_41,3239.4977197647095,0.12826741219109541,280,4
B_36,3177.964138507843,0.12583099953906182,270,4
B_32,3176.4877672195435,0.12577254284578246,284,4
D_109,3176.090090751648,0.1257567969074183,285,4
D_92,3161.6091542243958,0.12518342646078343,283,4
R_21,3157.726960659027,0.12502971160578705,268,4
R_22,3139.6186261177063,0.1243127148946813,281,4
D_106,3123.3092336654663,0.12366694701792239,175,4
D_113,3043.412160873413,0.12050343475299491,260,4
S_17,3012.925602912903,0.11929632419621006,274,4
D_96,3007.6918482780457,0.11908909448928343,273,4
R_14,2998.331404685974,0.11871846917005865,265,4
R_26,2991.3954758644104,0.1184438421389434,188,4
S_18,2985.5948061943054,0.11821416551870062,269,4
R_7,2971.0359926223755,0.11763771154250222,231,4
D_125,2967.9757194519043,0.11751654049867673,259,4
D_89,2935.154291152954,0.11621698111123326,265,4
D_127,2920.65726518631,0.11564297360572909,256,4
R_28,2918.8845086097717,0.1155727815827096,262,4
S_19,2917.8053336143494,0.1155300518153387,261,4
R_13,2911.8859601020813,0.11529567513478764,256,4
R_25,2901.869068145752,0.1148990578439042,258,4
D_81,2895.363435268402,0.11464146831428305,253,4
R_15,2872.678880214691,0.11374327685833807,251,4
D_130,2862.5225200653076,0.11334113734587783,245,4
D_93,2839.1849064826965,0.11241708813828195,252,4
D_86,2818.0546493530273,0.11158043886873038,247,4
D_94,2812.5053696632385,0.11136071599595566,250,4
R_24,2768.6565923690796,0.1096245304271404,244,4
D_143,2738.2082328796387,0.10841893233292152,244,4
S_6,2699.7503204345703,0.10689619722571517,227,4
R_23,2650.8238916397095,0.10495896282947534,235,4
D_117,2650.4326977729797,0.10494347356870373,196,9
R_19,2643.0238060951233,0.10465011964629634,236,4
D_142,2582.249638557434,0.10224377586325653,179,4
R_18,2570.1818928718567,0.10176595533551691,228,4
R_17,2562.1191687583923,0.10144671301874197,232,4
B_16,2523.447952747345,0.09991553218976451,208,4
B_27,2517.8517293930054,0.09969395058983777,222,4
R_9,2508.316599369049,0.09931640858830572,189,4
D_66,2485.6178107261658,0.09841765355559443,106,4
D_120,2484.6795139312744,0.0983805018388287,86,4
B_29,2419.870125770569,0.09581438411806498,172,4
D_103,2366.449070930481,0.09369918569731894,208,4
R_12,2358.1837663650513,0.09337192223881714,178,4
D_82,2146.330934047699,0.08498364204312231,172,4
D_76,1809.4084014892578,0.07164324637114135,126,4
D_64,1365.2982177734375,0.05405877219621349,95,6
D_134,1207.2905168533325,0.04780248166708835,89,4
D_114,1164.0986824035645,0.046092307648796293,77,4
D_137,1151.771092414856,0.04560419862598169,98,4
B_39,1140.6183290481567,0.04516260668192869,59,4
D_136,1126.6639413833618,0.044610084856228936,95,4
D_68,1118.143557548523,0.044272721573426876,91,9
D_63,976.0456647872925,0.03864637744264148,58,8
D_138,908.8311347961426,0.03598502850233979,72,4
D_135,908.2241568565369,0.035960995304509365,73,4
D_111,824.9814891815186,0.03266501472659019,39,4
D_110,769.1504440307617,0.030454393111480075,37,4
D_108,680.211109161377,0.026932853875291995,55,4
B_30,656.800820350647,0.0260059271032563,39,5
D_126,600.9203085899353,0.0237933468653603,49,5
D_73,268.3608913421631,0.010625708070649647,24,4
B_31,126.26990985870361,0.004999637590840832,11,4
D_116,121.77641868591309,0.00482171850143359,8,4
B_42,114.30354022979736,0.004525831032417507,11,4
D_88,86.37828969955444,0.003420135047991121,9,4
D_87,0.0,0.0,0,4
